{
  "b1_s32_prefill": {
    "batch_size": 1,
    "seq_len": 32,
    "phase": "prefill",
    "baseline_ms": 44.2818,
    "sigma_bs": 1.093183,
    "sigma_cu": 0.658941,
    "sigma_l2": 1.067705,
    "sigma_bw": 1.023543,
    "sigma_bs_stressed_ms": 92.69,
    "sigma_cu_stressed_ms": 73.4609,
    "sigma_l2_stressed_ms": 91.5617,
    "sigma_bw_stressed_ms": 89.6061,
    "t_attn": 5.3588,
    "t_attn_std": 3.5396,
    "t_ffn": 239.2293,
    "t_ffn_std": 196.326,
    "g_launch": 138.5849,
    "r_attn": 0.036861,
    "r_ffn": 0.568172,
    "f_switch": 1270.9274,
    "ci_attn": 0.3381,
    "ci_ffn": 0.664,
    "attn_tflops": 0.3,
    "ffn_tflops": 0.6,
    "complete": true,
    "l2_attn": 1.0,
    "l2_ffn": 0.0354,
    "ipc": 0.1477,
    "source": "measured"
  },
  "b1_s32_decode": {
    "batch_size": 1,
    "seq_len": 32,
    "phase": "decode",
    "baseline_ms": 1004.9939,
    "sigma_bs": 1.205729,
    "sigma_cu": 0.591271,
    "sigma_l2": 1.065222,
    "sigma_bw": 0.907135,
    "sigma_bs_stressed_ms": 2216.7443,
    "sigma_cu_stressed_ms": 1599.2172,
    "sigma_l2_stressed_ms": 2075.5357,
    "sigma_bw_stressed_ms": 1916.6592,
    "t_attn": 5.3588,
    "t_attn_std": 3.5396,
    "t_ffn": 239.2293,
    "t_ffn_std": 196.326,
    "g_launch": 138.5849,
    "r_attn": 0.036861,
    "r_ffn": 0.568172,
    "f_switch": 1270.9274,
    "ci_attn": 0.3381,
    "ci_ffn": 0.664,
    "attn_tflops": 0.3,
    "ffn_tflops": 0.6,
    "complete": true,
    "l2_attn": 1.0,
    "l2_ffn": 0.0354,
    "ipc": 0.1477,
    "source": "measured"
  },
  "b1_s64_prefill": {
    "batch_size": 1,
    "seq_len": 64,
    "phase": "prefill",
    "baseline_ms": 29.49,
    "sigma_bs": 1.972011,
    "sigma_cu": 0.140411,
    "sigma_l2": 1.926557,
    "sigma_bw": 1.992159,
    "sigma_bs_stressed_ms": 87.6446,
    "sigma_cu_stressed_ms": 33.6307,
    "sigma_l2_stressed_ms": 86.3042,
    "sigma_bw_stressed_ms": 88.2388,
    "t_attn": 5.2527,
    "t_attn_std": 3.4695,
    "t_ffn": 237.4987,
    "t_ffn_std": 196.1377,
    "g_launch": 138.4793,
    "r_attn": 0.036381,
    "r_ffn": 0.567635,
    "f_switch": 1271.6485,
    "ci_attn": 0.5277,
    "ci_ffn": 1.0269,
    "attn_tflops": 0.47,
    "ffn_tflops": 0.92,
    "complete": true,
    "l2_attn": 1.0,
    "l2_ffn": 0.0353,
    "ipc": 0.2286,
    "source": "measured"
  },
  "b1_s64_decode": {
    "batch_size": 1,
    "seq_len": 64,
    "phase": "decode",
    "baseline_ms": 1812.1095,
    "sigma_bs": 1.26395,
    "sigma_cu": 0.952807,
    "sigma_l2": 1.186679,
    "sigma_bw": 1.202497,
    "sigma_bs_stressed_ms": 4102.5248,
    "sigma_cu_stressed_ms": 3538.7001,
    "sigma_l2_stressed_ms": 3962.5009,
    "sigma_bw_stressed_ms": 3991.1656,
    "t_attn": 5.2527,
    "t_attn_std": 3.4695,
    "t_ffn": 237.4987,
    "t_ffn_std": 196.1377,
    "g_launch": 138.4793,
    "r_attn": 0.036381,
    "r_ffn": 0.567635,
    "f_switch": 1271.6485,
    "ci_attn": 0.5277,
    "ci_ffn": 1.0269,
    "attn_tflops": 0.47,
    "ffn_tflops": 0.92,
    "complete": true,
    "l2_attn": 1.0,
    "l2_ffn": 0.0353,
    "ipc": 0.2286,
    "source": "measured"
  },
  "b1_s128_prefill": {
    "batch_size": 1,
    "seq_len": 128,
    "phase": "prefill",
    "baseline_ms": 32.0809,
    "sigma_bs": 1.725025,
    "sigma_cu": 1.358693,
    "sigma_l2": 1.876263,
    "sigma_bw": 1.717503,
    "sigma_bs_stressed_ms": 87.4212,
    "sigma_cu_stressed_ms": 75.669,
    "sigma_l2_stressed_ms": 92.2731,
    "sigma_bw_stressed_ms": 87.1799,
    "t_attn": 5.5527,
    "t_attn_std": 3.7839,
    "t_ffn": 239.1811,
    "t_ffn_std": 196.106,
    "g_launch": 143.4286,
    "r_attn": 0.038119,
    "r_ffn": 0.566881,
    "f_switch": 1227.8488,
    "ci_attn": 0.9123,
    "ci_ffn": 1.7045,
    "attn_tflops": 0.82,
    "ffn_tflops": 1.53,
    "complete": true,
    "l2_attn": 1.0,
    "l2_ffn": 0.0352,
    "ipc": 0.3794,
    "source": "measured"
  },
  "b1_s128_decode": {
    "batch_size": 1,
    "seq_len": 128,
    "phase": "decode",
    "baseline_ms": 3708.0307,
    "sigma_bs": 1.257032,
    "sigma_cu": 0.838711,
    "sigma_l2": 1.347406,
    "sigma_bw": 1.261222,
    "sigma_bs_stressed_ms": 8369.1449,
    "sigma_cu_stressed_ms": 6817.9965,
    "sigma_l2_stressed_ms": 8704.2547,
    "sigma_bw_stressed_ms": 8384.6797,
    "t_attn": 5.5527,
    "t_attn_std": 3.7839,
    "t_ffn": 239.1811,
    "t_ffn_std": 196.106,
    "g_launch": 143.4286,
    "r_attn": 0.038119,
    "r_ffn": 0.566881,
    "f_switch": 1227.8488,
    "ci_attn": 0.9123,
    "ci_ffn": 1.7045,
    "attn_tflops": 0.82,
    "ffn_tflops": 1.53,
    "complete": true,
    "l2_attn": 1.0,
    "l2_ffn": 0.0352,
    "ipc": 0.3794,
    "source": "measured"
  },
  "b1_s512_prefill": {
    "batch_size": 1,
    "seq_len": 512,
    "phase": "prefill",
    "source": "extrapolated",
    "ci_attn": 3.3166,
    "ci_ffn": 4.6313,
    "t_attn": 8.3825,
    "t_ffn": 236.7027,
    "g_launch": 143.8872,
    "r_attn": 0.0567,
    "r_ffn": 0.5517,
    "f_switch": 1223.5259,
    "sigma_bs": 0.4794,
    "sigma_cu": 0.5354,
    "sigma_l2": 0.9379,
    "sigma_bw": 1.0101,
    "baseline_ms": 47.2106,
    "l2_attn": 1.0,
    "l2_ffn": 0.0347,
    "ipc": 1.0339,
    "complete": true
  },
  "b1_s512_decode": {
    "batch_size": 1,
    "seq_len": 512,
    "phase": "decode",
    "source": "extrapolated",
    "ci_attn": 3.3166,
    "ci_ffn": 4.6313,
    "t_attn": 8.3825,
    "t_ffn": 236.7027,
    "g_launch": 143.8872,
    "r_attn": 0.0567,
    "r_ffn": 0.5517,
    "f_switch": 1223.5259,
    "sigma_bs": 1.0415,
    "sigma_cu": 0.5629,
    "sigma_l2": 0.971,
    "sigma_bw": 0.9639,
    "baseline_ms": 15962.0118,
    "l2_attn": 1.0,
    "l2_ffn": 0.0347,
    "ipc": 1.0339,
    "complete": true
  },
  "b1_s2048_prefill": {
    "batch_size": 1,
    "seq_len": 2048,
    "phase": "prefill",
    "source": "extrapolated",
    "ci_attn": 10.479,
    "ci_ffn": 12.3278,
    "t_attn": 10.3788,
    "t_ffn": 235.4136,
    "g_launch": 146.3691,
    "r_attn": 0.0698,
    "r_ffn": 0.5412,
    "f_switch": 1201.3376,
    "sigma_bs": 0.0,
    "sigma_cu": 0.0,
    "sigma_l2": 0.0,
    "sigma_bw": 0.0,
    "baseline_ms": 89.0983,
    "l2_attn": 0.6375,
    "l2_ffn": 0.0327,
    "ipc": 2.7783,
    "complete": true
  },
  "b1_s2048_decode": {
    "batch_size": 1,
    "seq_len": 2048,
    "phase": "decode",
    "source": "extrapolated",
    "ci_attn": 10.479,
    "ci_ffn": 12.3278,
    "t_attn": 10.3788,
    "t_ffn": 235.4136,
    "g_launch": 146.3691,
    "r_attn": 0.0698,
    "r_ffn": 0.5412,
    "f_switch": 1201.3376,
    "sigma_bs": 0.0569,
    "sigma_cu": 0.0,
    "sigma_l2": 0.0616,
    "sigma_bw": 0.0512,
    "baseline_ms": 64384.5302,
    "l2_attn": 0.6375,
    "l2_ffn": 0.0327,
    "ipc": 2.7783,
    "complete": true
  },
  "b4_s32_prefill": {
    "batch_size": 4,
    "seq_len": 32,
    "phase": "prefill",
    "baseline_ms": 78.3314,
    "sigma_bs": 1.585039,
    "sigma_cu": 0.508164,
    "sigma_l2": 1.540809,
    "sigma_bw": 1.56016,
    "sigma_bs_stressed_ms": 202.4899,
    "sigma_cu_stressed_ms": 118.1367,
    "sigma_l2_stressed_ms": 199.0252,
    "sigma_bw_stressed_ms": 200.541,
    "t_attn": 7.0871,
    "t_attn_std": 5.4192,
    "t_ffn": 103.7437,
    "t_ffn_std": 132.0409,
    "g_launch": 115.7955,
    "r_attn": 0.046131,
    "r_ffn": 0.888236,
    "f_switch": 1301.6448,
    "ci_attn": 1.3408,
    "ci_ffn": 1.8572,
    "attn_tflops": 1.21,
    "ffn_tflops": 1.67,
    "complete": true,
    "l2_attn": 1.0,
    "l2_ffn": 0.0352,
    "ipc": 0.42,
    "source": "measured"
  },
  "b4_s32_decode": {
    "batch_size": 4,
    "seq_len": 32,
    "phase": "decode",
    "baseline_ms": 1035.5312,
    "sigma_bs": 1.700158,
    "sigma_cu": 0.924696,
    "sigma_l2": 1.318865,
    "sigma_bw": 1.302365,
    "sigma_bs_stressed_ms": 2796.0982,
    "sigma_cu_stressed_ms": 1993.0826,
    "sigma_l2_stressed_ms": 2401.2572,
    "sigma_bw_stressed_ms": 2384.1712,
    "t_attn": 7.0871,
    "t_attn_std": 5.4192,
    "t_ffn": 103.7437,
    "t_ffn_std": 132.0409,
    "g_launch": 115.7955,
    "r_attn": 0.046131,