{
  "b1_s32_prefill": {
    "batch_size": 1,
    "seq_len": 32,
    "phase": "prefill",
    "baseline_ms": 35.456,
    "sigma_bs": 1.405806,
    "sigma_cu": 1.760963,
    "sigma_l2": 2.275453,
    "sigma_bw": 1.736716,
    "sigma_bs_stressed_ms": 85.3002,
    "sigma_cu_stressed_ms": 97.8926,
    "sigma_l2_stressed_ms": 116.1344,
    "sigma_bw_stressed_ms": 97.0329,
    "t_attn": 4.7731,
    "t_attn_std": 3.1436,
    "t_ffn": 415.397,
    "t_ffn_std": 223.977,
    "g_launch": 154.0016,
    "r_attn": 0.018348,
    "r_ffn": 0.607855,
    "f_switch": 1143.6612,
    "ci_attn": 0.3994,
    "ci_ffn": 1.2046,
    "attn_tflops": 0.36,
    "ffn_tflops": 1.08,
    "complete": true,
    "l2_attn": 1.0,
    "l2_ffn": 0.0131,
    "ipc": 0.2708,
    "source": "measured"
  },
  "b1_s32_decode": {
    "batch_size": 1,
    "seq_len": 32,
    "phase": "decode",
    "baseline_ms": 953.2257,
    "sigma_bs": 1.602178,
    "sigma_cu": 1.498028,
    "sigma_l2": 1.739495,
    "sigma_bw": 1.500583,
    "sigma_bs_stressed_ms": 2480.463,
    "sigma_cu_stressed_ms": 2381.1846,
    "sigma_l2_stressed_ms": 2611.3568,
    "sigma_bw_stressed_ms": 2383.6204,
    "t_attn": 4.7731,
    "t_attn_std": 3.1436,
    "t_ffn": 415.397,
    "t_ffn_std": 223.977,
    "g_launch": 154.0016,
    "r_attn": 0.018348,
    "r_ffn": 0.607855,
    "f_switch": 1143.6612,
    "ci_attn": 0.3994,
    "ci_ffn": 1.2046,
    "attn_tflops": 0.36,
    "ffn_tflops": 1.08,
    "complete": true,
    "l2_attn": 1.0,
    "l2_ffn": 0.0131,
    "ipc": 0.2708,
    "source": "measured"
  },
  "b1_s64_prefill": {
    "batch_size": 1,
    "seq_len": 64,
    "phase": "prefill",
    "baseline_ms": 35.3282,
    "sigma_bs": 2.064512,
    "sigma_cu": 1.822282,
    "sigma_l2": 2.037481,
    "sigma_bw": 2.07943,
    "sigma_bs_stressed_ms": 108.2636,
    "sigma_cu_stressed_ms": 99.706,
    "sigma_l2_stressed_ms": 107.3086,
    "sigma_bw_stressed_ms": 108.7906,
    "t_attn": 4.9077,
    "t_attn_std": 3.558,
    "t_ffn": 415.3804,
    "t_ffn_std": 224.0132,
    "g_launch": 153.555,
    "r_attn": 0.018859,
    "r_ffn": 0.607471,
    "f_switch": 1146.7108,
    "ci_attn": 0.6003,
    "ci_ffn": 1.7954,
    "attn_tflops": 0.54,
    "ffn_tflops": 1.62,
    "complete": true,
    "l2_attn": 1.0,
    "l2_ffn": 0.0131,
    "ipc": 0.4034,
    "source": "measured"
  },
  "b1_s64_decode": {
    "batch_size": 1,
    "seq_len": 64,
    "phase": "decode",
    "baseline_ms": 2009.1524,
    "sigma_bs": 1.471996,
    "sigma_cu": 1.127266,
    "sigma_l2": 1.458027,
    "sigma_bw": 1.473082,
    "sigma_bs_stressed_ms": 4966.6177,
    "sigma_cu_stressed_ms": 4274.0023,
    "sigma_l2_stressed_ms": 4938.5507,
    "sigma_bw_stressed_ms": 4968.799,
    "t_attn": 4.9077,
    "t_attn_std": 3.558,
    "t_ffn": 415.3804,
    "t_ffn_std": 224.0132,
    "g_launch": 153.555,
    "r_attn": 0.018859,
    "r_ffn": 0.607471,
    "f_switch": 1146.7108,
    "ci_attn": 0.6003,
    "ci_ffn": 1.7954,
    "attn_tflops": 0.54,
    "ffn_tflops": 1.62,
    "complete": true,
    "l2_attn": 1.0,
    "l2_ffn": 0.0131,
    "ipc": 0.4034,
    "source": "measured"
  },
  "b1_s128_prefill": {
    "batch_size": 1,
    "seq_len": 128,
    "phase": "prefill",
    "baseline_ms": 36.0814,
    "sigma_bs": 2.023887,
    "sigma_cu": 1.841392,
    "sigma_l2": 1.96443,
    "sigma_bw": 1.775241,
    "sigma_bs_stressed_ms": 109.1059,
    "sigma_cu_stressed_ms": 102.5213,
    "sigma_l2_stressed_ms": 106.9606,
    "sigma_bw_stressed_ms": 100.1345,
    "t_attn": 5.1998,
    "t_attn_std": 4.8846,
    "t_ffn": 415.375,
    "t_ffn_std": 224.0406,
    "g_launch": 150.1954,
    "r_attn": 0.019954,
    "r_ffn": 0.606763,
    "f_switch": 1172.5262,
    "ci_attn": 1.0251,
    "ci_ffn": 3.0266,
    "attn_tflops": 0.92,
    "ffn_tflops": 2.72,
    "complete": true,
    "l2_attn": 1.0,
    "l2_ffn": 0.0131,
    "ipc": 0.6794,
    "source": "measured"
  },
  "b1_s128_decode": {
    "batch_size": 1,
    "seq_len": 128,
    "phase": "decode",
    "baseline_ms": 3901.9935,
    "sigma_bs": 1.684601,
    "sigma_cu": 1.504147,
    "sigma_l2": 1.717643,
    "sigma_bw": 1.561361,
    "sigma_bs_stressed_ms": 10475.2976,
    "sigma_cu_stressed_ms": 9771.1673,
    "sigma_l2_stressed_ms": 10604.2251,
    "sigma_bw_stressed_ms": 9994.4136,
    "t_attn": 5.1998,
    "t_attn_std": 4.8846,
    "t_ffn": 415.375,
    "t_ffn_std": 224.0406,
    "g_launch": 150.1954,
    "r_attn": 0.019954,
    "r_ffn": 0.606763,
    "f_switch": 1172.5262,
    "ci_attn": 1.0251,
    "ci_ffn": 3.0266,
    "attn_tflops": 0.92,
    "ffn_tflops": 2.72,
    "complete": true,
    "l2_attn": 1.0,
    "l2_ffn": 0.0131,
    "ipc": 0.6794,
    "source": "measured"
  },
  "b1_s512_prefill": {
    "batch_size": 1,
    "seq_len": 512,
    "phase": "prefill",
    "source": "extrapolated",
    "ci_attn": 3.557,
    "ci_ffn": 7.9633,
    "t_attn": 6.5256,
    "t_ffn": 415.6103,
    "g_launch": 136.7181,
    "r_attn": 0.0245,
    "r_ffn": 0.6027,
    "f_switch": 1288.768,
    "sigma_bs": 1.1105,
    "sigma_cu": 1.1422,
    "sigma_l2": 1.5101,
    "sigma_bw": 1.1987,
    "baseline_ms": 49.2123,
    "l2_attn": 1.0,
    "l2_ffn": 0.013,
    "ipc": 1.7865,
    "complete": true
  },
  "b1_s512_decode": {
    "batch_size": 1,
    "seq_len": 512,
    "phase": "decode",
    "source": "extrapolated",
    "ci_attn": 3.557,
    "ci_ffn": 7.9633,
    "t_attn": 6.5256,
    "t_ffn": 415.6103,
    "g_launch": 136.7181,
    "r_attn": 0.0245,
    "r_ffn": 0.6027,
    "f_switch": 1288.768,
    "sigma_bs": 1.8374,
    "sigma_cu": 1.3028,
    "sigma_l2": 1.4945,
    "sigma_bw": 1.5547,
    "baseline_ms": 15894.1735,
    "l2_attn": 1.0,
    "l2_ffn": 0.013,
    "ipc": 1.7865,
    "complete": true
  },
  "b1_s2048_prefill": {
    "batch_size": 1,
    "seq_len": 2048,
    "phase": "prefill",
    "source": "extrapolated",
    "ci_attn": 10.8809,
    "ci_ffn": 20.7358,
    "t_attn": 7.5692,
    "t_ffn": 415.7611,
    "g_launch": 126.1409,
    "r_attn": 0.0281,
    "r_ffn": 0.5996,
    "f_switch": 1378.4137,
    "sigma_bs": 0.0,
    "sigma_cu": 0.4974,
    "sigma_l2": 1.4576,
    "sigma_bw": 0.3566,
    "baseline_ms": 96.9445,
    "l2_attn": 1.0,
    "l2_ffn": 0.0127,
    "ipc": 4.0,
    "complete": true
  },
  "b1_s2048_decode": {
    "batch_size": 1,
    "seq_len": 2048,
    "phase": "decode",
    "source": "extrapolated",
    "ci_attn": 10.8809,
    "ci_ffn": 20.7358,
    "t_attn": 7.5692,
    "t_ffn": 415.7611,
    "g_launch": 126.1409,
    "r_attn": 0.0281,
    "r_ffn": 0.5996,
    "f_switch": 1378.4137,
    "sigma_bs": 2.5499,
    "sigma_cu": 1.7155,
    "sigma_l2": 1.5376,
    "sigma_bw": 1.6703,
    "baseline_ms": 63681.2749,
    "l2_attn": 1.0,
    "l2_ffn": 0.0127,
    "ipc": 4.0,
    "complete": true
  },
  "b4_s32_prefill": {
    "batch_size": 4,
    "seq_len": 32,
    "phase": "prefill",
    "baseline_ms": 80.0054,
    "sigma_bs": 1.500413,
    "sigma_cu": 1.497208,
    "sigma_l2": 1.435059,
    "sigma_bw": 1.71976,
    "sigma_bs_stressed_ms": 200.0466,
    "sigma_cu_stressed_ms": 199.7902,
    "sigma_l2_stressed_ms": 194.8179,
    "sigma_bw_stressed_ms": 217.5956,
    "t_attn": 5.8258,
    "t_attn_std": 4.7662,
    "t_ffn": 196.5521,
    "t_ffn_std": 199.6235,
    "g_launch": 140.9129,
    "r_attn": 0.020433,
    "r_ffn": 0.946183,
    "f_switch": 1071.5518,
    "ci_attn": 1.3201,
    "ci_ffn": 3.2209,
    "attn_tflops": 1.19,
    "ffn_tflops": 2.9,
    "complete": true,
    "l2_attn": 1.0,
    "l2_ffn": 0.0131,
    "ipc": 0.7293,
    "source": "measured"
  },
  "b4_s32_decode": {
    "batch_size": 4,
    "seq_len": 32,
    "phase": "decode",
    "baseline_ms": 1068.4622,
    "sigma_bs": 1.533552,
    "sigma_cu": 1.165778,
    "sigma_l2": 1.505461,
    "sigma_bw": 1.508601,
    "sigma_bs_stressed_ms": 2707.0049,
    "sigma_cu_stressed_ms": 2314.0523,
    "sigma_l2_stressed_ms": 2676.9901,
    "sigma_bw_stressed_ms": 2680.3451,
    "t_attn": 5.8258,
    "t_attn_std": 4.7662,
    "t_ffn": 196.5521,
    "t_ffn_std": 199.6235,
    "g_launch": 140.9129,
    "r_attn": 0.020433,